terminal_id,project_id,combo_id,wiki,terminal_name,unit_name,facility_type,status,country,other_language_name,other_english_names,owner,parent,parent_hq_country,capacity,capacity_units,capacity_in_mtpa,capacity_in_bcm_y,proposal_year,proposal_month,construction_year,construction_month,start_year1,start_month1,start_year2,start_year3,delayed_start_year,start_year_earliest,shelved_year,cancelled_year,stop_year,region,location,prefecture_district,state_province,latitude,longitude,accuracy,power_plants_supplied,cost,cost_units,cost_usd,fid_status,fid_year,floating,last_updated,status_smpl
T0237,3,T023703,https://www.gem.wiki/Point_Arthur_LNG_Terminal,Port Arthur LNG Terminal,T3,Export,Proposed,United States,NA,NA,"PALNG Common Facilities Company, LLC [unknown %]; Port Arthur LNG Phase II, LLC [unknown %]",ConocoPhillips [unknown %]; Sempra Energy [unknown %],United States; United States,6.75,mtpa,6.75,9.18,NA,NA,NA,NA,2023,NA,NA,NA,NA,2023,NA,NA,NA,Americas,Port Arthur,NA,Texas,29.81166342,-93.95962882,approximate,NA,1000000000,USD,1000000000,Pre-FID,2024,NA,2023-08-28,proposed
T0237,4,T023704,https://www.gem.wiki/Point_Arthur_LNG_Terminal,Port Arthur LNG Terminal,T4,Export,Proposed,United States,NA,NA,"PALNG Common Facilities Company, LLC [unknown %]; Port Arthur LNG Phase II, LLC [unknown %]",ConocoPhillips [unknown %]; Sempra Energy [unknown %],United States; United States,6.75,mtpa,6.75,9.18,NA,NA,NA,NA,2023,NA,NA,NA,NA,2023,NA,NA,NA,Americas,Port Arthur,NA,Texas,29.81166342,-93.95962882,approximate,NA,1000000000,USD,1000000000,Pre-FID,2024,NA,2023-08-28,proposed
T0205,1,T020501,https://www.gem.wiki/Fourchon_LNG_Terminal,Fourchon LNG Terminal,Phase 1,Export,Proposed,United States,NA,Gulf Coast LNG Terminal,Fourchon LNG LLC [100.00%],Energy World [100.00%],Australia,2,mtpa,2,2.72,2017,NA,NA,NA,2021,NA,NA,NA,NA,2021,2022,NA,Presumed,Americas,Port Fourchon,Lafourche Parish,Louisiana,29.105833,-90.194444,approximate,NA,888000000,USD,888000000,Pre-FID,NA,NA,2023-09-06,proposed
T0973,1,T097301,https://www.gem.wiki/CP2_LNG_Terminal,CP2 LNG Terminal,Phase 1,Export,Proposed,United States,NA,Calcasieu Pass 2 LNG Terminal,"Venture Global CP2 LNG, LLC [100.00%]",Venture Global LNG [100.00%],United States,10,mtpa,10,13.6,NA,NA,NA,NA,2026,NA,NA,NA,NA,2026,NA,NA,NA,Americas,Cameron,Cameron Parish,Louisiana,29.77427234,-93.32394745,exact,NA,5000000000,USD,5000000000,Pre-FID,2023,NA,2023-09-01,proposed
T0973,2,T097302,https://www.gem.wiki/CP2_LNG_Terminal,CP2 LNG Terminal,Phase 2,Export,Proposed,United States,NA,Calcasieu Pass 2 LNG Terminal,"Venture Global CP2 LNG, LLC [100.00%]",Venture Global LNG [100.00%],United States,10,mtpa,10,13.6,NA,NA,NA,NA,2027,NA,NA,NA,NA,2027,NA,NA,NA,Americas,Cameron,Cameron Parish,Louisiana,29.77427234,-93.32394745,exact,NA,5000000000,USD,5000000000,Pre-FID,2023,NA,2023-09-01,proposed
T1002,1,T100201,https://www.gem.wiki/New_Fortress_Grand_Isle_FLNG_Terminal,New Fortress Grand Isle FLNG Terminal,NA,Export,Proposed,United States,NA,NA,New Fortress Energy Louisiana LLC [100.00%],New Fortress Energy [100.00%],United States,2.8,mtpa,2.8,3.81,2022,NA,NA,NA,2023,NA,NA,NA,NA,2023,NA,NA,NA,Americas,Grand Isle,NA,Louisiana,29.05902215,-89.82260253,approximate,NA,1400000000,USD,1400000000,NA,NA,yes,2023-09-06,proposed
T0215,1,T021501,https://www.gem.wiki/Commonwealth_LNG_Terminal,Commonwealth LNG Terminal,T1,Export,Proposed,United States,NA,NA,Commonwealth LNG [100.00%],Commonwealth LNG [100.00%],United States,1.55,mtpa,1.55,2.11,NA,NA,NA,NA,2024,NA,NA,NA,2027,2027,NA,NA,NA,Americas,Cameron Parish,NA,Louisiana,29.764163,-93.348066,approximate,NA,800000000,USD,800000000,Pre-FID,2024,NA,2023-09-19,proposed
T0215,2,T021502,https://www.gem.wiki/Commonwealth_LNG_Terminal,Commonwealth LNG Terminal,T2,Export,Proposed,United States,NA,NA,Commonwealth LNG [100.00%],Commonwealth LNG [100.00%],United States,1.55,mtpa,1.55,2.11,NA,NA,NA,NA,2024,NA,NA,NA,2027,2027,NA,NA,NA,Americas,Cameron Parish,NA,Louisiana,29.764163,-93.348066,approximate,NA,800000000,USD,800000000,Pre-FID,2024,NA,2023-09-19,proposed
T0215,3,T021503,https://www.gem.wiki/Commonwealth_LNG_Terminal,Commonwealth LNG Terminal,T3,Export,Proposed,United States,NA,NA,Commonwealth LNG [100.00%],Commonwealth LNG [100.00%],United States,1.55,mtpa,1.55,2.11,NA,NA,NA,NA,2024,NA,NA,NA,2027,2027,NA,NA,NA,Americas,Cameron Parish,NA,Louisiana,29.764163,-93.348066,approximate,NA,800000000,USD,800000000,Pre-FID,2024,NA,2023-09-19,proposed
T0215,4,T021504,https://www.gem.wiki/Commonwealth_LNG_Terminal,Commonwealth LNG Terminal,T4,Export,Proposed,United States,NA,NA,Commonwealth LNG [100.00%],Commonwealth LNG [100.00%],United States,1.55,mtpa,1.55,2.11,NA,NA,NA,NA,2024,NA,NA,NA,2027,2027,NA,NA,NA,Americas,Cameron Parish,NA,Louisiana,29.764163,-93.348066,approximate,NA,800000000,USD,800000000,Pre-FID,2024,NA,2023-09-19,proposed
T0215,5,T021505,https://www.gem.wiki/Commonwealth_LNG_Terminal,Commonwealth LNG Terminal,T5,Export,Proposed,United States,NA,NA,Commonwealth LNG [100.00%],Commonwealth LNG [100.00%],United States,1.55,mtpa,1.55,2.11,NA,NA,NA,NA,2024,NA,NA,NA,2027,2027,NA,NA,NA,Americas,Cameron Parish,NA,Louisiana,29.764163,-93.348066,approximate,NA,800000000,USD,800000000,Pre-FID,2024,NA,2023-09-19,proposed
T0215,6,T021506,https://www.gem.wiki/Commonwealth_LNG_Terminal,Commonwealth LNG Terminal,T6,Export,Proposed,United States,NA,NA,Commonwealth LNG [100.00%],Commonwealth LNG [100.00%],United States,1.55,mtpa,1.55,2.11,NA,NA,NA,NA,2024,NA,NA,NA,2027,2027,NA,NA,NA,Americas,Cameron Parish,NA,Louisiana,29.764163,-93.348066,approximate,NA,800000000,USD,800000000,Pre-FID,2024,NA,2023-09-19,proposed
T0227,1,T022701,https://www.gem.wiki/Golden_Pass_LNG,Golden Pass LNG Terminal,T1,Export,Construction,United States,NA,NA,Golden Pass LNG Terminal LLC [100.00%],Qatar Petroleum [70.00%]; ExxonMobil [30.00%],Qatar; United States,6.03,mtpa,6.03,8.21,NA,NA,2019,NA,2024,NA,NA,NA,NA,2024,NA,NA,NA,Americas,Sabine Pass,NA,Texas,29.761394,-93.919418,exact,NA,3333333333,USD,3333333333,FID,2019,NA,2023-08-24,inactive
T0227,2,T022702,https://www.gem.wiki/Golden_Pass_LNG,Golden Pass LNG Terminal,T2,Export,Construction,United States,NA,NA,Golden Pass LNG Terminal LLC [100.00%],Qatar Petroleum [70.00%]; ExxonMobil [30.00%],Qatar; United States,6.03,mtpa,6.03,8.21,NA,NA,2019,NA,2024,NA,NA,NA,NA,2024,NA,NA,NA,Americas,Sabine Pass,NA,Texas,29.761394,-93.919418,exact,NA,3333333333,USD,3333333333,FID,2019,NA,2023-08-24,inactive
T0227,3,T022703,https://www.gem.wiki/Golden_Pass_LNG,Golden Pass LNG Terminal,T3,Export,Construction,United States,NA,NA,Golden Pass LNG Terminal LLC [100.00%],Qatar Petroleum [70.00%]; ExxonMobil [30.00%],Qatar; United States,6.03,mtpa,6.03,8.21,NA,NA,2019,NA,2025,NA,NA,NA,NA,2025,NA,NA,NA,Americas,Sabine Pass,NA,Texas,29.761394,-93.919418,exact,NA,3333333333,USD,3333333333,FID,2019,NA,2023-08-24,inactive
T0240,6,T024006,https://www.gem.wiki/Sabine_Pass_LNG_Terminal,Sabine Pass LNG Terminal,T6,Export,Operating,United States,NA,NA,Sabine Pass Liquefaction [100.00%],Cheniere Energy [100.00%],United States,4.5,mtpa,4.5,6.12,NA,NA,NA,NA,2021,NA,NA,NA,NA,2021,NA,NA,NA,Americas,Sabine Pass,NA,Louisiana,29.75409666,-93.87405115,exact,NA,2500000000,USD,2500000000,NA,NA,NA,2023-08-24,active
T0212,1,T021201,https://www.gem.wiki/Calcasieu_Pass_LNG_Terminal,Calcasieu Pass LNG Terminal,T1,Export,Operating,United States,NA,NA,Venture Global Calcasieu Pass [100.00%],Venture Global LNG [100.00%],United States,0.67,mtpa,0.67,0.91,NA,NA,NA,NA,2022,NA,NA,NA,NA,2022,NA,NA,NA,Americas,Cameron Parish,NA,Louisiana,29.77292736,-93.3343038,exact,NA,394444444,USD,394444444.4,NA,NA,NA,2023-08-24,active
T0212,2,T021202,https://www.gem.wiki/Calcasieu_Pass_LNG_Terminal,Calcasieu Pass LNG Terminal,T2,Export,Operating,United States,NA,NA,Venture Global Calcasieu Pass [100.00%],Venture Global LNG [100.00%],United States,0.67,mtpa,0.67,0.91,NA,NA,NA,NA,2022,NA,NA,NA,NA,2022,NA,NA,NA,Americas,Cameron Parish,NA,Louisiana,29.77292736,-93.3343038,exact,NA,394444444,USD,394444444.4,NA,NA,NA,2023-08-24,active
T0212,3,T021203,https://www.gem.wiki/Calcasieu_Pass_LNG_Terminal,Calcasieu Pass LNG Terminal,T3,Export,Operating,United States,NA,NA,Venture Global Calcasieu Pass [100.00%],Venture Global LNG [100.00%],United States,0.67,mtpa,0.67,0.91,NA,NA,NA,NA,2022,NA,NA,NA,NA,2022,NA,NA,NA,Americas,Cameron Parish,NA,Louisiana,29.77292736,-93.3343038,exact,NA,394444444,USD,394444444.4,NA,NA,NA,2023-08-24,active
T0212,4,T021204,https://www.gem.wiki/Calcasieu_Pass_LNG_Terminal,Calcasieu Pass LNG Terminal,T4,Export,Operating,United States,NA,NA,Venture Global Calcasieu Pass [100.00%],Venture Global LNG [100.00%],United States,0.67,mtpa,0.67,0.91,NA,NA,NA,NA,2022,NA,NA,NA,NA,2022,NA,NA,NA,Americas,Cameron Parish,NA,Louisiana,29.77292736,-93.3343038,exact,NA,394444444,USD,394444444.4,NA,NA,NA,2023-08-24,active
T0212,5,T021205,https://www.gem.wiki/Calcasieu_Pass_LNG_Terminal,Calcasieu Pass LNG Terminal,T5,Export,Operating,United States,NA,NA,Venture Global Calcasieu Pass [100.00%],Venture Global LNG [100.00%],United States,0.67,mtpa,0.67,0.91,NA,NA,NA,NA,2022,NA,NA,NA,NA,2022,NA,NA,NA,Americas,Cameron Parish,NA,Louisiana,29.77292736,-93.3343038,exact,NA,394444444,USD,394444444.4,NA,NA,NA,2023-08-24,active
T0212,6,T021206,https://www.gem.wiki/Calcasieu_Pass_LNG_Terminal,Calcasieu Pass LNG Terminal,T6,Export,Operating,United States,NA,NA,Venture Global Calcasieu Pass [100.00%],Venture Global LNG [100.00%],United States,0.67,mtpa,0.67,0.91,NA,NA,NA,NA,2022,NA,NA,NA,NA,2022,NA,NA,NA,Americas,Cameron Parish,NA,Louisiana,29.77292736,-93.3343038,exact,NA,394444444,USD,394444444.4,NA,NA,NA,2023-08-24,active
T0212,7,T021207,https://www.gem.wiki/Calcasieu_Pass_LNG_Terminal,Calcasieu Pass LNG Terminal,T7,Export,Operating,United States,NA,NA,Venture Global Calcasieu Pass [100.00%],Venture Global LNG [100.00%],United States,0.67,mtpa,0.67,0.91,NA,NA,NA,NA,2022,NA,NA,NA,NA,2022,NA,NA,NA,Americas,Cameron Parish,NA,Louisiana,29.77292736,-93.3343038,exact,NA,394444444,USD,394444444.4,NA,NA,NA,2023-08-24,active
T0212,8,T021208,https://www.gem.wiki/Calcasieu_Pass_LNG_Terminal,Calcasieu Pass LNG Terminal,T8,Export,Operating,United States,NA,NA,Venture Global Calcasieu Pass [100.00%],Venture Global LNG [100.00%],United States,0.67,mtpa,0.67,0.91,NA,NA,NA,NA,2022,NA,NA,NA,NA,2022,NA,NA,NA,Americas,Cameron Parish,NA,Louisiana,29.77292736,-93.3343038,exact,NA,394444444,USD,394444444.4,NA,NA,NA,2023-08-24,active
T0212,9,T021209,https://www.gem.wiki/Calcasieu_Pass_LNG_Terminal,Calcasieu Pass LNG Terminal,T9,Export,Operating,United States,NA,NA,Venture Global Calcasieu Pass [100.00%],Venture Global LNG [100.00%],United States,0.67,mtpa,0.67,0.91,NA,NA,NA,NA,2022,NA,NA,NA,NA,2022,NA,NA,NA,Americas,Cameron Parish,NA,Louisiana,29.77292736,-93.3343038,exact,NA,394444444,USD,394444444.4,NA,NA,NA,2023-08-24,active
T0212,10,T021210,https://www.gem.wiki/Calcasieu_Pass_LNG_Terminal,Calcasieu Pass LNG Terminal,T10,Export,Operating,United States,NA,NA,Venture Global Calcasieu Pass [100.00%],Venture Global LNG [100.00%],United States,0.67,mtpa,0.67,0.91,NA,NA,NA,NA,2022,NA,NA,NA,NA,2022,NA,NA,NA,Americas,Cameron Parish,NA,Louisiana,29.77292736,-93.3343038,exact,NA,394444444,USD,394444444.4,NA,NA,NA,2023-08-24,active
T0212,11,T021211,https://www.gem.wiki/Calcasieu_Pass_LNG_Terminal,Calcasieu Pass LNG Terminal,T11,Export,Operating,United States,NA,NA,Venture Global Calcasieu Pass [100.00%],Venture Global LNG [100.00%],United States,0.67,mtpa,0.67,0.91,NA,NA,NA,NA,2022,NA,NA,NA,NA,2022,NA,NA,NA,Americas,Cameron Parish,NA,Louisiana,29.77292736,-93.3343038,exact,NA,394444444,USD,394444444.4,NA,NA,NA,2023-08-24,active
T0212,12,T021212,https://www.gem.wiki/Calcasieu_Pass_LNG_Terminal,Calcasieu Pass LNG Terminal,T12,Export,Operating,United States,NA,NA,Venture Global Calcasieu Pass [100.00%],Venture Global LNG [100.00%],United States,0.67,mtpa,0.67,0.91,NA,NA,NA,NA,2022,NA,NA,NA,NA,2022,NA,NA,NA,Americas,Cameron Parish,NA,Louisiana,29.77292736,-93.3343038,exact,NA,394444444,USD,394444444.4,NA,NA,NA,2023-08-24,active
T0212,13,T021213,https://www.gem.wiki/Calcasieu_Pass_LNG_Terminal,Calcasieu Pass LNG Terminal,T13,Export,Operating,United States,NA,NA,Venture Global Calcasieu Pass [100.00%],Venture Global LNG [100.00%],United States,0.67,mtpa,0.67,0.91,NA,NA,NA,NA,2022,NA,NA,NA,NA,2022,NA,NA,NA,Americas,Cameron Parish,NA,Louisiana,29.77292736,-93.3343038,exact,NA,394444444,USD,394444444.4,NA,NA,NA,2023-08-24,active
T0212,14,T021214,https://www.gem.wiki/Calcasieu_Pass_LNG_Terminal,Calcasieu Pass LNG Terminal,T14,Export,Operating,United States,NA,NA,Venture Global Calcasieu Pass [100.00%],Venture Global LNG [100.00%],United States,0.67,mtpa,0.67,0.91,NA,NA,NA,NA,2022,NA,NA,NA,NA,2022,NA,NA,NA,Americas,Cameron Parish,NA,Louisiana,29.77292736,-93.3343038,exact,NA,394444444,USD,394444444.4,NA,NA,NA,2023-08-24,active
T0212,15,T021215,https://www.gem.wiki/Calcasieu_Pass_LNG_Terminal,Calcasieu Pass LNG Terminal,T15,Export,Operating,United States,NA,NA,Venture Global Calcasieu Pass [100.00%],Venture Global LNG [100.00%],United States,0.67,mtpa,0.67,0.91,NA,NA,NA,NA,2022,NA,NA,NA,NA,2022,NA,NA,NA,Americas,Cameron Parish,NA,Louisiana,29.77292736,-93.3343038,exact,NA,394444444,USD,394444444.4,NA,NA,NA,2023-08-24,active
T0212,16,T021216,https://www.gem.wiki/Calcasieu_Pass_LNG_Terminal,Calcasieu Pass LNG Terminal,T16,Export,Operating,United States,NA,NA,Venture Global Calcasieu Pass [100.00%],Venture Global LNG [100.00%],United States,0.67,mtpa,0.67,0.91,NA,NA,NA,NA,2022,NA,NA,NA,NA,2022,NA,NA,NA,Americas,Cameron Parish,NA,Louisiana,29.77292736,-93.3343038,exact,NA,394444444,USD,394444444.4,NA,NA,NA,2023-08-24,active
T0212,17,T021217,https://www.gem.wiki/Calcasieu_Pass_LNG_Terminal,Calcasieu Pass LNG Terminal,T17,Export,Operating,United States,NA,NA,Venture Global Calcasieu Pass [100.00%],Venture Global LNG [100.00%],United States,0.67,mtpa,0.67,0.91,NA,NA,NA,NA,2022,NA,NA,NA,NA,2022,NA,NA,NA,Americas,Cameron Parish,NA,Louisiana,29.77292736,-93.3343038,exact,NA,394444444,USD,394444444.4,NA,NA,NA,2023-08-24,active
T0212,18,T021218,https://www.gem.wiki/Calcasieu_Pass_LNG_Terminal,Calcasieu Pass LNG Terminal,T18,Export,Operating,United States,NA,NA,Venture Global Calcasieu Pass [100.00%],Venture Global LNG [100.00%],United States,0.67,mtpa,0.67,0.91,NA,NA,NA,NA,2022,NA,NA,NA,NA,2022,NA,NA,NA,Americas,Cameron Parish,NA,Louisiana,29.77292736,-93.3343038,exact,NA,394444444,USD,394444444.4,NA,NA,NA,2023-08-24,active
T0218,1,T021801,https://www.gem.wiki/Delfin_FLNG_Terminal,Delfin FLNG Terminal,T1,Export,Proposed,United States,NA,NA,Delfin LNG LLC [100.00%],Fairwood Peninsula Energy Company [95.00%]; Enbridge [5.00%],United States; Canada,3.38,mtpa,3.38,4.59,NA,NA,NA,NA,2026,NA,NA,NA,2027,2027,NA,NA,NA,Americas,"Port Delfin, Cameron Parish",NA,Louisiana,29.13697735,-93.53395095,exact,NA,2000000000,USD,2000000000,Pre-FID,2023,yes,2023-09-01,proposed
T0218,2,T021802,https://www.gem.wiki/Delfin_FLNG_Terminal,Delfin FLNG Terminal,T2,Export,Proposed,United States,NA,NA,Delfin LNG LLC [100.00%],Fairwood Peninsula Energy Company [95.00%]; Enbridge [5.00%],United States; Canada,3.38,mtpa,3.38,4.59,NA,NA,NA,NA,2026,NA,NA,NA,2027,2027,NA,NA,NA,Americas,"Port Delfin, Cameron Parish",NA,Louisiana,29.13697735,-93.53395095,exact,NA,2000000000,USD,2000000000,Pre-FID,2023,yes,2023-09-01,proposed
T0218,3,T021803,https://www.gem.wiki/Delfin_FLNG_Terminal,Delfin FLNG Terminal,T3,Export,Proposed,United States,NA,NA,Delfin LNG LLC [100.00%],Fairwood Peninsula Energy Company [95.00%]; Enbridge [5.00%],United States; Canada,3.38,mtpa,3.38,4.59,NA,NA,NA,NA,2026,NA,NA,NA,2027,2027,NA,NA,NA,Americas,"Port Delfin, Cameron Parish",NA,Louisiana,29.13697735,-93.53395095,exact,NA,2000000000,USD,2000000000,Pre-FID,2023,yes,2023-09-01,proposed
T0218,4,T021804,https://www.gem.wiki/Delfin_FLNG_Terminal,Delfin FLNG Terminal,T4,Export,Proposed,United States,NA,NA,Delfin LNG LLC [100.00%],Fairwood Peninsula Energy Company [95.00%]; Enbridge [5.00%],United States; Canada,3.38,mtpa,3.38,4.59,NA,NA,NA,NA,2026,NA,NA,NA,2027,2027,NA,NA,NA,Americas,"Port Delfin, Cameron Parish",NA,Louisiana,29.13697735,-93.53395095,exact,NA,2000000000,USD,2000000000,Pre-FID,2023,yes,2023-09-01,proposed
T0636,1,T063601,https://www.gem.wiki/Main_Pass_Energy_Hub_FLNG_Terminal,Main Pass Energy Hub FLNG Terminal,T1,Export,Cancelled,United States,NA,NA,Freeport-McMoRan Inc [50.00%]; United LNG LP [50.00%],Freeport-McMoRan Inc [50.00%]; United LNG LP [50.00%],United States; United States,4,mtpa,4,5.44,NA,NA,NA,NA,2020,NA,NA,NA,NA,2020,NA,2021,NA,Americas,Gulf of Mexico,NA,Louisiana,29.265556,-88.759444,approximate,NA,2666666667,USD,2666666667,Pre-FID,NA,yes,2023-08-25,inactive
T0636,2,T063602,https://www.gem.wiki/Main_Pass_Energy_Hub_FLNG_Terminal,Main Pass Energy Hub FLNG Terminal,T2,Export,Cancelled,United States,NA,NA,Freeport-McMoRan Inc [50.00%]; United LNG LP [50.00%],Freeport-McMoRan Inc [50.00%]; United LNG LP [50.00%],United States; United States,4,mtpa,4,5.44,NA,NA,NA,NA,2020,NA,NA,NA,NA,2020,NA,2021,NA,Americas,Gulf of Mexico,NA,Louisiana,29.265556,-88.759444,approximate,NA,2666666667,USD,2666666667,Pre-FID,NA,yes,2023-08-25,inactive
T0636,3,T063603,https://www.gem.wiki/Main_Pass_Energy_Hub_FLNG_Terminal,Main Pass Energy Hub FLNG Terminal,T3,Export,Cancelled,United States,NA,NA,Freeport-McMoRan Inc [50.00%]; United LNG LP [50.00%],Freeport-McMoRan Inc [50.00%]; United LNG LP [50.00%],United States; United States,4,mtpa,4,5.44,NA,NA,NA,NA,2020,NA,NA,NA,NA,2020,NA,2021,NA,Americas,Gulf of Mexico,NA,Louisiana,29.265556,-88.759444,approximate,NA,2666666667,USD,2666666667,Pre-FID,NA,yes,2023-08-25,inactive
T0636,4,T063604,https://www.gem.wiki/Main_Pass_Energy_Hub_FLNG_Terminal,Main Pass Energy Hub FLNG Terminal,T4,Export,Cancelled,United States,NA,NA,Freeport-McMoRan Inc [50.00%]; United LNG LP [50.00%],Freeport-McMoRan Inc [50.00%]; United LNG LP [50.00%],United States; United States,4,mtpa,4,5.44,NA,NA,NA,NA,2020,NA,NA,NA,NA,2020,NA,2021,NA,Americas,Gulf of Mexico,NA,Louisiana,29.265556,-88.759444,approximate,NA,2666666667,USD,2666666667,Pre-FID,NA,yes,2023-08-25,inactive
T0636,5,T063605,https://www.gem.wiki/Main_Pass_Energy_Hub_FLNG_Terminal,Main Pass Energy Hub FLNG Terminal,T5,Export,Cancelled,United States,NA,NA,Freeport-McMoRan Inc [50.00%]; United LNG LP [50.00%],Freeport-McMoRan Inc [50.00%]; United LNG LP [50.00%],United States; United States,4,mtpa,4,5.44,NA,NA,NA,NA,2020,NA,NA,NA,NA,2020,NA,2021,NA,Americas,Gulf of Mexico,NA,Louisiana,29.265556,-88.759444,approximate,NA,2666666667,USD,2666666667,Pre-FID,NA,yes,2023-08-25,inactive
T0636,6,T063606,https://www.gem.wiki/Main_Pass_Energy_Hub_FLNG_Terminal,Main Pass Energy Hub FLNG Terminal,T6,Export,Cancelled,United States,NA,NA,Freeport-McMoRan Inc [50.00%]; United LNG LP [50.00%],Freeport-McMoRan Inc [50.00%]; United LNG LP [50.00%],United States; United States,4,mtpa,4,5.44,NA,NA,NA,NA,2020,NA,NA,NA,NA,2020,NA,2021,NA,Americas,Gulf of Mexico,NA,Louisiana,29.265556,-88.759444,approximate,NA,2666666667,USD,2666666667,Pre-FID,NA,yes,2023-08-25,inactive
T0641,1,T064101,https://www.gem.wiki/Pointe_LNG_Terminal,Pointe LNG Terminal,T1,Export,Shelved,United States,NA,Louisiana LNG Terminal,"Pointe LNG, LLC [unknown %]; Pointe Pipeline Company, LLC [unknown %]","Pointe LNG, LLC [unknown %]; Pointe Pipeline Company, LLC [unknown %]",United States; United States,2,mtpa,2,2.72,2015,NA,NA,NA,2026,NA,NA,NA,NA,2026,2022,NA,NA,Americas,Mile 46,Plaquemines Parish,Louisiana,29.859605,-89.991638,approximate,NA,1333333333,USD,1333333333,Pre-FID,2022,NA,2023-09-06,inactive
T0641,2,T064102,https://www.gem.wiki/Pointe_LNG_Terminal,Pointe LNG Terminal,T2,Export,Shelved,United States,NA,Louisiana LNG Terminal,"Pointe LNG, LLC [unknown %]; Pointe Pipeline Company, LLC [unknown %]","Pointe LNG, LLC [unknown %]; Pointe Pipeline Company, LLC [unknown %]",United States; United States,2,mtpa,2,2.72,2015,NA,NA,NA,2026,NA,NA,NA,NA,2026,2022,NA,NA,Americas,Mile 46,Plaquemines Parish,Louisiana,29.859605,-89.991638,approximate,NA,1333333333,USD,1333333333,Pre-FID,2022,NA,2023-09-06,inactive
T0641,3,T064103,https://www.gem.wiki/Pointe_LNG_Terminal,Pointe LNG Terminal,T3,Export,Shelved,United States,NA,Louisiana LNG Terminal,"Pointe LNG, LLC [unknown %]; Pointe Pipeline Company, LLC [unknown %]","Pointe LNG, LLC [unknown %]; Pointe Pipeline Company, LLC [unknown %]",United States; United States,2,mtpa,2,2.72,2015,NA,NA,NA,2026,NA,NA,NA,NA,2026,2022,NA,NA,Americas,Mile 46,Plaquemines Parish,Louisiana,29.859605,-89.991638,approximate,NA,1333333333,USD,1333333333,Pre-FID,2022,NA,2023-09-06,inactive
T0240,1,T024001,https://www.gem.wiki/Sabine_Pass_LNG_Terminal,Sabine Pass LNG Terminal,T1,Export,Operating,United States,NA,NA,Sabine Pass Liquefaction [100.00%],Cheniere Energy [100.00%],United States,5,mtpa,5,6.8,NA,NA,NA,NA,2016,NA,NA,NA,NA,2016,NA,NA,NA,Americas,Sabine Pass,NA,Louisiana,29.75409666,-93.87405115,exact,NA,3600000000,USD,3600000000,NA,NA,NA,2023-08-24,active
T0240,2,T024002,https://www.gem.wiki/Sabine_Pass_LNG_Terminal,Sabine Pass LNG Terminal,T2,Export,Operating,United States,NA,NA,Sabine Pass Liquefaction [100.00%],Cheniere Energy [100.00%],United States,5,mtpa,5,6.8,NA,NA,NA,NA,2016,NA,NA,NA,NA,2016,NA,NA,NA,Americas,Sabine Pass,NA,Louisiana,29.75409666,-93.87405115,exact,NA,3600000000,USD,3600000000,NA,NA,NA,2023-08-24,active
T0240,3,T024003,https://www.gem.wiki/Sabine_Pass_LNG_Terminal,Sabine Pass LNG Terminal,T3,Export,Operating,United States,NA,NA,Sabine Pass Liquefaction [100.00%],Cheniere Energy [100.00%],United States,5,mtpa,5,6.8,NA,NA,NA,NA,2017,NA,NA,NA,NA,2017,NA,NA,NA,Americas,Sabine Pass,NA,Louisiana,29.75409666,-93.87405115,exact,NA,3600000000,USD,3600000000,NA,NA,NA,2023-08-24,active
T0240,4,T024004,https://www.gem.wiki/Sabine_Pass_LNG_Terminal,Sabine Pass LNG Terminal,T4,Export,Operating,United States,NA,NA,Sabine Pass Liquefaction [100.00%],Cheniere Energy [100.00%],United States,5,mtpa,5,6.8,NA,NA,NA,NA,2017,NA,NA,NA,NA,2017,NA,NA,NA,Americas,Sabine Pass,NA,Louisiana,29.75409666,-93.87405115,exact,NA,3600000000,USD,3600000000,NA,NA,NA,2023-08-24,active
T0240,5,T024005,https://www.gem.wiki/Sabine_Pass_LNG_Terminal,Sabine Pass LNG Terminal,T5,Export,Operating,United States,NA,NA,Sabine Pass Liquefaction [100.00%],Cheniere Energy [100.00%],United States,5,mtpa,5,6.8,NA,NA,NA,NA,2018,NA,NA,NA,NA,2018,NA,NA,NA,Americas,Sabine Pass,NA,Louisiana,29.75409666,-93.87405115,exact,NA,3600000000,USD,3600000000,NA,NA,NA,2023-08-24,active
T0228,1,T022801,https://www.gem.wiki/Gulf_LNG,Gulf LNG Terminal,T1,Export,Proposed,United States,NA,Gulf LNG Liquefaction,"Gulf LNG Liquefaction Company, LLC [100.00%]",Kinder Morgan [50.00%]; General Electric Company [40.00%]; AES Corporation [10.00%],United States; United States; United States,5.43,mtpa,5.43,7.38,2015,NA,NA,NA,2027,NA,NA,NA,NA,2027,2022,NA,2022,Americas,Pascagoula,NA,Mississippi,30.322382,-88.503663,exact,NA,4000000000,USD,4000000000,Pre-FID,NA,NA,2023-09-06,proposed
T0228,2,T022802,https://www.gem.wiki/Gulf_LNG,Gulf LNG Terminal,T2,Export,Proposed,United States,NA,Gulf LNG Liquefaction,"Gulf LNG Liquefaction Company, LLC [100.00%]",Kinder Morgan [50.00%]; General Electric Company [40.00%]; AES Corporation [10.00%],United States; United States; United States,5.43,mtpa,5.43,7.38,2015,NA,NA,NA,2028,NA,NA,NA,NA,2028,2022,NA,2022,Americas,Pascagoula,NA,Mississippi,30.322382,-88.503663,exact,NA,4000000000,USD,4000000000,Pre-FID,NA,NA,2023-09-06,proposed
T0214,1,T021401,https://www.gem.wiki/Cameron_LNG_Terminal,Cameron LNG Terminal,Export Terminal T1,Export,Operating,United States,NA,NA,Cameron LNG LLC [100.00%],Sempra Energy [50.20%]; Mitsui Group [16.60%]; TotalEnergies [16.60%]; Mitsubishi [11.62%]; NYK [4.98%],United States; Japan; France; Japan; Japan,4.5,mtpa,4.5,6.12,2012,NA,NA,NA,2019,NA,NA,NA,NA,2019,NA,NA,NA,Americas,Hackberry,NA,Louisiana,30.035471,-93.3383568,exact,NA,3333333333,USD,3333333333,FID,NA,NA,2023-08-28,active
T0214,2,T021402,https://www.gem.wiki/Cameron_LNG_Terminal,Cameron LNG Terminal,Export Terminal T2,Export,Operating,United States,NA,NA,Cameron LNG LLC [100.00%],Sempra Energy [50.20%]; Mitsui Group [16.60%]; TotalEnergies [16.60%]; Mitsubishi [11.62%]; NYK [4.98%],United States; Japan; France; Japan; Japan,4.5,mtpa,4.5,6.12,2012,NA,NA,NA,2019,NA,NA,NA,NA,2019,NA,NA,NA,Americas,Hackberry,NA,Louisiana,30.035471,-93.3383568,exact,NA,3333333333,USD,3333333333,FID,NA,NA,2023-08-28,active
T0214,3,T021403,https://www.gem.wiki/Cameron_LNG_Terminal,Cameron LNG Terminal,Export Terminal T3,Export,Operating,United States,NA,NA,Cameron LNG LLC [100.00%],Sempra Energy [50.20%]; Mitsui Group [16.60%]; TotalEnergies [16.60%]; Mitsubishi [11.62%]; NYK [4.98%],United States; Japan; France; Japan; Japan,4.5,mtpa,4.5,6.12,2012,NA,NA,NA,2020,NA,NA,NA,NA,2020,NA,NA,NA,Americas,Hackberry,NA,Louisiana,30.035471,-93.3383568,exact,NA,3333333333,USD,3333333333,FID,NA,NA,2023-08-28,active
T0232,1,T023201,https://www.gem.wiki/Lake_Charles_LNG,Lake Charles LNG Terminal,T1,Export,Proposed,United States,NA,NA,"Lake Charles LNG Company, LLC [unknown %]; Lake Charles LNG Export Company, LLC [unknown %]",Energy Transfer [unknown %],United States,0.78,bcf/d,5.93,8.06,NA,NA,NA,NA,2028,NA,NA,NA,NA,2028,NA,NA,NA,Americas,Lake Charles,NA,Louisiana,30.120416,-93.287833,exact,NA,4400000000,USD,4400000000,Pre-FID,2023,NA,2023-09-01,proposed
T0232,2,T023202,https://www.gem.wiki/Lake_Charles_LNG,Lake Charles LNG Terminal,T2,Export,Proposed,United States,NA,NA,"Lake Charles LNG Company, LLC [unknown %]; Lake Charles LNG Export Company, LLC [unknown %]",Energy Transfer [unknown %],United States,0.78,bcf/d,5.93,8.06,NA,NA,NA,NA,2028,NA,NA,NA,NA,2028,NA,NA,NA,Americas,Lake Charles,NA,Louisiana,30.120416,-93.287833,exact,NA,4400000000,USD,4400000000,Pre-FID,2023,NA,2023-09-01,proposed
T0232,3,T023203,https://www.gem.wiki/Lake_Charles_LNG,Lake Charles LNG Terminal,T3,Export,Proposed,United States,NA,NA,"Lake Charles LNG Company, LLC [unknown %]; Lake Charles LNG Export Company, LLC [unknown %]",Energy Transfer [unknown %],United States,0.78,bcf/d,5.93,8.06,NA,NA,NA,NA,2028,NA,NA,NA,NA,2028,NA,NA,NA,Americas,Lake Charles,NA,Louisiana,30.120416,-93.287833,exact,NA,4400000000,USD,4400000000,Pre-FID,2023,NA,2023-09-01,proposed
T0242,2,T024202,https://www.gem.wiki/Venture_Global_Plaquemines_LNG_Terminal,Plaquemines LNG Terminal,Phase 2 (Trains 19–36),Export,Proposed,United States,NA,Venture Global LNG,"Venture Global Plaquemines LNG, LLC [100.00%]",Venture Global LNG [100.00%],United States,10,mtpa,10,13.6,NA,NA,NA,NA,2025,NA,NA,NA,2026,2026,NA,NA,NA,Americas,Plaquemines Parish,NA,Louisiana,29.600411,-89.886404,exact,NA,7800000000,USD,7800000000,FID,2023,NA,2023-08-24,proposed
T0224,1,T022401,https://www.gem.wiki/Freeport_LNG_Terminal,Freeport LNG Terminal,T1,Export,Operating,United States,NA,NA,"Freeport LNG Liquefaction, LLC [100.00%]",Freeport LNG [50.00%]; JERA [25.00%]; Osaka Gas [25.00%],United States; Japan; Japan,5,mtpa,5,6.8,NA,NA,NA,NA,2019,NA,NA,NA,NA,2019,NA,NA,2022,Americas,Freeport,NA,Texas,28.932003,-95.317355,exact,NA,4500000000,USD,4500000000,FID,NA,NA,2023-08-24,active
T0224,2,T022402,https://www.gem.wiki/Freeport_LNG_Terminal,Freeport LNG Terminal,T2,Export,Operating,United States,NA,NA,"Freeport LNG Liquefaction 2, LLC [100.00%]",Freeport LNG [50.00%]; JERA [25.00%]; Osaka Gas [25.00%],United States; Japan; Japan,5,mtpa,5,6.8,NA,NA,NA,NA,2019,NA,NA,NA,NA,2019,NA,NA,2022,Americas,Freeport,NA,Texas,28.932003,-95.317355,exact,NA,4500000000,USD,4500000000,FID,NA,NA,2023-08-24,active
T0224,3,T022403,https://www.gem.wiki/Freeport_LNG_Terminal,Freeport LNG Terminal,T3,Export,Operating,United States,NA,NA,"Freeport LNG Liquefaction 3, LLC [100.00%]",Freeport LNG [50.00%]; JERA [25.00%]; Osaka Gas [25.00%],United States; Japan; Japan,5,mtpa,5,6.8,NA,NA,NA,NA,2020,NA,NA,NA,NA,2020,NA,NA,2022,Americas,Freeport,NA,Texas,28.932003,-95.317355,exact,NA,4500000000,USD,4500000000,FID,NA,NA,2023-08-24,active
T0237,1,T023701,https://www.gem.wiki/Point_Arthur_LNG_Terminal,Port Arthur LNG Terminal,T1,Export,Construction,United States,NA,NA,"PALNG Common Facilities Company, LLC [unknown %]; Port Arthur LNG Phase I, LLC [unknown %]",ConocoPhillips [unknown %]; KKR [unknown %]; Sempra Energy [unknown %],United States; United States; United States,6.75,mtpa,6.75,9.18,NA,NA,2023,3,2027,NA,NA,NA,NA,2027,NA,NA,NA,Americas,Port Arthur,NA,Texas,29.81166342,-93.95962882,approximate,NA,6500000000,USD,6500000000,FID,2023,NA,2023-08-28,inactive
T0237,2,T023702,https://www.gem.wiki/Point_Arthur_LNG_Terminal,Port Arthur LNG Terminal,T2,Export,Construction,United States,NA,NA,"PALNG Common Facilities Company, LLC [unknown %]; Port Arthur LNG Phase I, LLC [unknown %]",ConocoPhillips [unknown %]; KKR [unknown %]; Sempra Energy [unknown %],United States; United States; United States,6.75,mtpa,6.75,9.18,NA,NA,2023,3,2028,NA,NA,NA,NA,2028,NA,NA,NA,Americas,Port Arthur,NA,Texas,29.81166342,-93.95962882,approximate,NA,6500000000,USD,6500000000,FID,2023,NA,2023-08-28,inactive
T0213,1,T021301,https://www.gem.wiki/CE_FLNG_Terminal,CE FLNG Terminal,T1,Export,Cancelled,United States,NA,NA,CE FLNG LLC [100.00%],Cambridge Energy LLC [100.00%],United States,4,mtpa,4,5.44,NA,NA,NA,NA,2026,NA,NA,NA,NA,2026,2022,2023,2023,Americas,Plaquemines Parish,NA,Louisiana,29.30079786,-89.35821088,approximate,NA,4000000000,USD,4000000000,Pre-FID,NA,yes,2023-10-11,inactive
T0213,2,T021302,https://www.gem.wiki/CE_FLNG_Terminal,CE FLNG Terminal,T2,Export,Cancelled,United States,NA,NA,CE FLNG LLC [100.00%],Cambridge Energy LLC [100.00%],United States,4,mtpa,4,5.44,NA,NA,NA,NA,2026,NA,NA,NA,NA,2026,2022,2023,2023,Americas,Plaquemines Parish,NA,Louisiana,29.30079786,-89.35821088,approximate,NA,4000000000,USD,4000000000,Pre-FID,NA,yes,2023-10-11,inactive
T0226,1,T022601,https://www.gem.wiki/G2_LNG_Terminal,G2 LNG Terminal,T1,Export,Cancelled,United States,NA,NA,G2 Net-Zero LNG LLC [100.00%],G2 Net-Zero LNG LLC [100.00%],United States,1.3,mtpa,1.3,1.77,2015,NA,NA,NA,2027,NA,NA,NA,NA,2027,2017,2023,2023,Americas,Cameron Parish,NA,Louisiana,29.811571,-93.3596,approximate,NA,1500000000,USD,1500000000,Pre-FID,NA,NA,2023-09-06,inactive
T0226,2,T022602,https://www.gem.wiki/G2_LNG_Terminal,G2 LNG Terminal,T2,Export,Cancelled,United States,NA,NA,G2 Net-Zero LNG LLC [100.00%],G2 Net-Zero LNG LLC [100.00%],United States,1.3,mtpa,1.3,1.77,2015,NA,NA,NA,2027,NA,NA,NA,NA,2027,2017,2023,2023,Americas,Cameron Parish,NA,Louisiana,29.811571,-93.3596,approximate,NA,1500000000,USD,1500000000,Pre-FID,NA,NA,2023-09-06,inactive
T0226,3,T022603,https://www.gem.wiki/G2_LNG_Terminal,G2 LNG Terminal,T3,Export,Cancelled,United States,NA,NA,G2 Net-Zero LNG LLC [100.00%],G2 Net-Zero LNG LLC [100.00%],United States,1.3,mtpa,1.3,1.77,2015,NA,NA,NA,2027,NA,NA,NA,NA,2027,2017,2023,2023,Americas,Cameron Parish,NA,Louisiana,29.811571,-93.3596,approximate,NA,1500000000,USD,1500000000,Pre-FID,NA,NA,2023-09-06,inactive
T0226,4,T022604,https://www.gem.wiki/G2_LNG_Terminal,G2 LNG Terminal,T4,Export,Cancelled,United States,NA,NA,G2 Net-Zero LNG LLC [100.00%],G2 Net-Zero LNG LLC [100.00%],United States,1.3,mtpa,1.3,1.77,2015,NA,NA,NA,2027,NA,NA,NA,NA,2027,2017,2023,2023,Americas,Cameron Parish,NA,Louisiana,29.811571,-93.3596,approximate,NA,1500000000,USD,1500000000,Pre-FID,NA,NA,2023-09-06,inactive
T0226,5,T022605,https://www.gem.wiki/G2_LNG_Terminal,G2 LNG Terminal,T5,Export,Cancelled,United States,NA,NA,G2 Net-Zero LNG LLC [100.00%],G2 Net-Zero LNG LLC [100.00%],United States,1.3,mtpa,1.3,1.77,2015,NA,NA,NA,2027,NA,NA,NA,NA,2027,2017,2023,2023,Americas,Cameron Parish,NA,Louisiana,29.811571,-93.3596,approximate,NA,1500000000,USD,1500000000,Pre-FID,NA,NA,2023-09-06,inactive
T0226,6,T022606,https://www.gem.wiki/G2_LNG_Terminal,G2 LNG Terminal,T6,Export,Cancelled,United States,NA,NA,G2 Net-Zero LNG LLC [100.00%],G2 Net-Zero LNG LLC [100.00%],United States,1.3,mtpa,1.3,1.77,2015,NA,NA,NA,2027,NA,NA,NA,NA,2027,2017,2023,2023,Americas,Cameron Parish,NA,Louisiana,29.811571,-93.3596,approximate,NA,1500000000,USD,1500000000,Pre-FID,NA,NA,2023-09-06,inactive
T0226,7,T022607,https://www.gem.wiki/G2_LNG_Terminal,G2 LNG Terminal,T7,Export,Cancelled,United States,NA,NA,G2 Net-Zero LNG LLC [100.00%],G2 Net-Zero LNG LLC [100.00%],United States,1.3,mtpa,1.3,1.77,2015,NA,NA,NA,2027,NA,NA,NA,NA,2027,2017,2023,2023,Americas,Cameron Parish,NA,Louisiana,29.811571,-93.3596,approximate,NA,1500000000,USD,1500000000,Pre-FID,NA,NA,2023-09-06,inactive
T0226,8,T022608,https://www.gem.wiki/G2_LNG_Terminal,G2 LNG Terminal,T8,Export,Cancelled,United States,NA,NA,G2 Net-Zero LNG LLC [100.00%],G2 Net-Zero LNG LLC [100.00%],United States,1.3,mtpa,1.3,1.77,2015,NA,NA,NA,2027,NA,NA,NA,NA,2027,2017,2023,2023,Americas,Cameron Parish,NA,Louisiana,29.811571,-93.3596,approximate,NA,1500000000,USD,1500000000,Pre-FID,NA,NA,2023-09-06,inactive
T0226,9,T022609,https://www.gem.wiki/G2_LNG_Terminal,G2 LNG Terminal,T9,Export,Cancelled,United States,NA,NA,G2 Net-Zero LNG LLC [100.00%],G2 Net-Zero LNG LLC [100.00%],United States,1.3,mtpa,1.3,1.77,2015,NA,NA,NA,2027,NA,NA,NA,NA,2027,2017,2023,2023,Americas,Cameron Parish,NA,Louisiana,29.811571,-93.3596,approximate,NA,1500000000,USD,1500000000,Pre-FID,NA,NA,2023-09-06,inactive
T0226,10,T022610,https://www.gem.wiki/G2_LNG_Terminal,G2 LNG Terminal,T10,Export,Cancelled,United States,NA,NA,G2 Net-Zero LNG LLC [100.00%],G2 Net-Zero LNG LLC [100.00%],United States,1.3,mtpa,1.3,1.77,2015,NA,NA,NA,2027,NA,NA,NA,NA,2027,2017,2023,2023,Americas,Cameron Parish,NA,Louisiana,29.811571,-93.3596,approximate,NA,1500000000,USD,1500000000,Pre-FID,NA,NA,2023-09-06,inactive
T0219,1,T021901,https://www.gem.wiki/Driftwood_LNG_Terminal,Driftwood LNG Terminal,Phase 1 (T1-T8),Export,Proposed,United States,NA,NA,Driftwood LNG LLC [100.00%],Tellurian Inc. [100.00%],United States,11,mtpa,11,14.96,NA,NA,NA,NA,2024,NA,NA,NA,2026,2026,NA,NA,NA,Americas,Calcasieu Parish,NA,Louisiana,30.091298,-93.330534,approximate,NA,14500000000,USD,14500000000,Pre-FID,2023,NA,2023-08-31,proposed
T0205,2,T020502,https://www.gem.wiki/Fourchon_LNG_Terminal,Fourchon LNG Terminal,Phase 2,Export,Proposed,United States,NA,Gulf Coast LNG Terminal,Fourchon LNG LLC [100.00%],Energy World [100.00%],Australia,3,mtpa,3,4.08,2017,NA,NA,NA,2023,NA,NA,NA,NA,2023,2022,NA,Presumed,Americas,Port Fourchon,Lafourche Parish,Louisiana,29.105833,-90.194444,approximate,NA,NA,NA,--,Pre-FID,NA,NA,2023-09-06,proposed
T0207,1,T020701,https://www.gem.wiki/Alturas_LNG_Terminal,Alturas LNG Terminal,NA,Export,Cancelled,United States,NA,NA,Alturas LLC [100.00%],Highstar Capital IV [unknown %]; WesPac Energy LLC [unknown %],United States; United States,1.5,mtpa,1.5,2.04,2014,NA,NA,NA,2016,NA,NA,NA,NA,2016,2016,2018,NA,Americas,Port Arthur,NA,Texas,29.885,-93.94,approximate,NA,NA,NA,--,NA,NA,NA,2023-08-25,inactive
T0214,0,T021400,https://www.gem.wiki/Cameron_LNG_Terminal,Cameron LNG Terminal,Import Terminal,Import,Mothballed,United States,NA,NA,Cameron LNG LLC [100.00%],Sempra Energy [50.20%]; Mitsui Group [16.60%]; TotalEnergies [16.60%]; Mitsubishi [11.62%]; NYK [4.98%],United States; Japan; France; Japan; Japan,11.4,mtpa,11.4,15.5,NA,NA,NA,NA,2009,NA,NA,NA,NA,2009,NA,NA,NA,Americas,Hackberry,NA,Louisiana,30.035471,-93.3383568,exact,NA,NA,NA,--,NA,NA,NA,2023-08-28,inactive
T0214,4,T021404,https://www.gem.wiki/Cameron_LNG_Terminal,Cameron LNG Terminal,Export Terminal T4,Export,Proposed,United States,NA,NA,Cameron LNG LLC [100.00%],Sempra Energy [50.20%]; Mitsui Group [16.60%]; TotalEnergies [16.60%]; Mitsubishi [11.62%]; NYK [4.98%],United States; Japan; France; Japan; Japan,6.75,mtpa,6.75,9.18,NA,NA,NA,NA,2026,NA,NA,NA,2027,2027,NA,NA,NA,Americas,Hackberry,NA,Louisiana,30.035471,-93.3383568,exact,NA,NA,NA,--,Pre-FID,2024,NA,2023-08-28,proposed
T0214,5,T021405,https://www.gem.wiki/Cameron_LNG_Terminal,Cameron LNG Terminal,Export Terminal T5,Export,Cancelled,United States,NA,NA,Cameron LNG LLC [100.00%],Sempra Energy [50.20%]; Mitsui Group [16.60%]; TotalEnergies [16.60%]; Mitsubishi [11.62%]; NYK [4.98%],United States; Japan; France; Japan; Japan,5,mtpa,5,6.8,NA,NA,NA,NA,2026,NA,NA,NA,NA,2026,NA,NA,NA,Americas,Hackberry,NA,Louisiana,30.035471,-93.3383568,exact,NA,NA,NA,--,Pre-FID,2021,NA,2023-08-25,inactive
T0214,6,T021406,https://www.gem.wiki/Cameron_LNG_Terminal,Cameron LNG Terminal,Export Terminal Debottlenecking (T1–T3),Export,Proposed,United States,NA,NA,Cameron LNG LLC [100.00%],Sempra Energy [50.20%]; Mitsui Group [16.60%]; TotalEnergies [16.60%]; Mitsubishi [11.62%]; NYK [4.98%],United States; Japan; France; Japan; Japan,0.68,mtpa,0.68,0.92,NA,NA,NA,NA,2026,NA,NA,NA,NA,2026,NA,NA,NA,Americas,Hackberry,NA,Louisiana,30.035471,-93.3383568,exact,NA,NA,NA,--,Pre-FID,2023,NA,2023-08-26,proposed
T0219,2,T021902,https://www.gem.wiki/Driftwood_LNG_Terminal,Driftwood LNG Terminal,Phase 2 (T9-T20),Export,Proposed,United States,NA,NA,Driftwood LNG LLC [100.00%],Tellurian Inc. [100.00%],United States,16.6,mtpa,16.6,22.58,NA,NA,NA,NA,2025,NA,NA,NA,2028,2028,NA,NA,NA,Americas,Calcasieu Parish,NA,Louisiana,30.091298,-93.330534,approximate,NA,NA,NA,--,Pre-FID,2023,NA,2023-09-21,proposed
T0224,0,T022400,https://www.gem.wiki/Freeport_LNG_Terminal,Freeport LNG Import Terminal,NA,Import,Idle,United States,NA,NA,Freeport LNG Development [100.00%],Dow Chemical Company [unknown %]; Freeport LNG [unknown %]; Global Infrastructure Partners [unknown %]; Osaka Gas [unknown %]; Zachry Hastings [unknown %],United States; United States; United States; Japan; United States,13.2,mtpa,13.2,17.95,NA,NA,NA,NA,2008,NA,NA,NA,NA,2008,NA,NA,2022,Americas,Freeport,NA,Texas,28.932003,-95.317355,exact,NA,NA,NA,--,NA,NA,NA,2023-08-24,inactive
T0224,4,T022404,https://www.gem.wiki/Freeport_LNG_Terminal,Freeport LNG Terminal,T4,Export,Proposed,United States,NA,NA,Freeport LNG Development [100.00%],Dow Chemical Company [unknown %]; Freeport LNG [unknown %]; Global Infrastructure Partners [unknown %]; Osaka Gas [unknown %]; Zachry Hastings [unknown %],United States; United States; United States; Japan; United States,5.1,mtpa,5.1,6.94,NA,NA,NA,NA,2026,NA,NA,NA,2028,2028,NA,NA,NA,Americas,Freeport,NA,Texas,28.932003,-95.317355,exact,NA,NA,NA,--,Pre-FID,2023,NA,2023-09-06,proposed
T0227,0,T022700,https://www.gem.wiki/Golden_Pass_LNG,Golden Pass LNG Import Terminal,NA,Import,Mothballed,United States,NA,NA,QatarEnergy [70.00%]; ExxonMobil [30.00%],QatarEnergy [70.00%]; ExxonMobil [30.00%],Qatar; United States,15.7,mtpa,15.7,21.35,NA,NA,NA,NA,2011,NA,NA,NA,NA,2011,NA,NA,NA,Americas,Sabine Pass,NA,Texas,29.761394,-93.919418,exact,NA,NA,NA,--,NA,NA,NA,2023-08-24,inactive
T0228,0,T022800,https://www.gem.wiki/Gulf_LNG,Gulf LNG Import Terminal,NA,Import,Idle,United States,NA,NA,"Gulf LNG Liquefaction Company, LLC [100.00%]",Kinder Morgan [50.00%]; General Electric Company [40.00%]; AES Corporation [10.00%],United States; United States; United States,8.8,mtpa,8.8,11.97,NA,NA,NA,NA,2011,NA,NA,NA,NA,2011,NA,NA,NA,Americas,Pascagoula,NA,Mississippi,30.322382,-88.503663,exact,NA,NA,NA,--,NA,NA,NA,2023-08-25,inactive
T0232,0,T023200,https://www.gem.wiki/Lake_Charles_LNG,Lake Charles LNG Import Terminal,NA,Import,Mothballed,United States,NA,NA,"Lake Charles LNG Company, LLC [100.00%]",Energy Transfer [100.00%],United States,17.9,mtpa,17.9,24.34,NA,NA,NA,NA,1982,NA,NA,NA,NA,1982,NA,NA,NA,Americas,Lake Charles,NA,Louisiana,30.120416,-93.287833,exact,NA,NA,NA,--,NA,NA,NA,2023-09-01,inactive
T0233,1,T023301,https://www.gem.wiki/Louisiana_LNG_Terminal,Louisiana LNG Terminal,T1,Export,Cancelled,United States,NA,NA,Louisiana LNG Energy LLC [100.00%],Parallax Enterprises LLC [100.00%],United States,2.5,mtpa,2.5,3.4,NA,NA,NA,NA,NA,NA,NA,NA,NA,--,2017,2019,NA,Americas,Plaquemines Parish,NA,Louisiana,29.39,-89.48,approximate,NA,NA,NA,--,Pre-FID,NA,NA,2023-08-25,inactive
T0233,2,T023302,https://www.gem.wiki/Louisiana_LNG_Terminal,Louisiana LNG Terminal,T2,Export,Cancelled,United States,NA,NA,Louisiana LNG Energy LLC [100.00%],Parallax Enterprises LLC [100.00%],United States,2.5,mtpa,2.5,3.4,NA,NA,NA,NA,NA,NA,NA,NA,NA,--,2017,2019,NA,Americas,Plaquemines Parish,NA,Louisiana,29.39,-89.48,approximate,NA,NA,NA,--,Pre-FID,NA,NA,2023-08-25,inactive
T0234,1,T023401,https://www.gem.wiki/Magnolia_LNG_Terminal,Magnolia LNG Terminal,T1,Export,Proposed,United States,NA,NA,Magnolia LNG Holdings [100.00%],Glenfarne Group [100.00%],United States,2.2,mtpa,2.2,2.99,NA,NA,NA,NA,2026,NA,NA,NA,2027,2027,NA,NA,NA,Americas,Lake Charles,NA,Louisiana,30.105668,-93.300819,exact,NA,NA,NA,--,Pre-FID,2023,NA,2023-09-06,proposed
T0234,2,T023402,https://www.gem.wiki/Magnolia_LNG_Terminal,Magnolia LNG Terminal,T2,Export,Proposed,United States,NA,NA,Magnolia LNG Holdings [100.00%],Glenfarne Group [100.00%],United States,2.2,mtpa,2.2,2.99,NA,NA,NA,NA,2026,NA,NA,NA,2027,2027,NA,NA,NA,Americas,Lake Charles,NA,Louisiana,30.105668,-93.300819,exact,NA,NA,NA,--,Pre-FID,2023,NA,2023-09-06,proposed
T0234,3,T023403,https://www.gem.wiki/Magnolia_LNG_Terminal,Magnolia LNG Terminal,T3,Export,Proposed,United States,NA,NA,Magnolia LNG Holdings [100.00%],Glenfarne Group [100.00%],United States,2.2,mtpa,2.2,2.99,NA,NA,NA,NA,2026,NA,NA,NA,NA,2026,NA,NA,NA,Americas,Lake Charles,NA,Louisiana,30.105668,-93.300819,exact,NA,NA,NA,--,Pre-FID,2023,NA,2023-09-06,proposed
T0234,4,T023404,https://www.gem.wiki/Magnolia_LNG_Terminal,Magnolia LNG Terminal,T4,Export,Proposed,United States,NA,NA,Magnolia LNG Holdings [100.00%],Glenfarne Group [100.00%],United States,2.2,mtpa,2.2,2.99,NA,NA,NA,NA,2026,NA,NA,NA,NA,2026,NA,NA,NA,Americas,Lake Charles,NA,Louisiana,30.105668,-93.300819,exact,NA,NA,NA,--,Pre-FID,2023,NA,2023-09-06,proposed
T0235,1,T023501,https://www.gem.wiki/Monkey_Island_LNG_Terminal,Monkey Island LNG Terminal,T1,Export,Cancelled,United States,NA,NA,SCT&E LNG LLC [100.00%],SCT&E LNG LLC [100.00%],United States,2,mtpa,2,2.72,NA,NA,NA,NA,2022,NA,NA,NA,NA,2022,2016,2018,NA,Americas,Cameron Parish,NA,Louisiana,29.79362711,-93.34143969,approximate,NA,NA,NA,--,Pre-FID,NA,NA,2023-08-25,inactive
T0235,2,T023502,https://www.gem.wiki/Monkey_Island_LNG_Terminal,Monkey Island LNG Terminal,T2,Export,Cancelled,United States,NA,NA,SCT&E LNG LLC [100.00%],SCT&E LNG LLC [100.00%],United States,2,mtpa,2,2.72,NA,NA,NA,NA,2022,NA,NA,NA,NA,2022,2016,2018,NA,Americas,Cameron Parish,NA,Louisiana,29.79362711,-93.34143969,approximate,NA,NA,NA,--,Pre-FID,NA,NA,2023-08-25,inactive
T0235,3,T023503,https://www.gem.wiki/Monkey_Island_LNG_Terminal,Monkey Island LNG Terminal,T3,Export,Cancelled,United States,NA,NA,SCT&E LNG LLC [100.00%],SCT&E LNG LLC [100.00%],United States,2,mtpa,2,2.72,NA,NA,NA,NA,2022,NA,NA,NA,NA,2022,2016,2018,NA,Americas,Cameron Parish,NA,Louisiana,29.79362711,-93.34143969,approximate,NA,NA,NA,--,Pre-FID,NA,NA,2023-08-25,inactive
T0235,4,T023504,https://www.gem.wiki/Monkey_Island_LNG_Terminal,Monkey Island LNG Terminal,T4,Export,Cancelled,United States,NA,NA,SCT&E LNG LLC [100.00%],SCT&E LNG LLC [100.00%],United States,2,mtpa,2,2.72,NA,NA,NA,NA,2022,NA,NA,NA,NA,2022,2016,2018,NA,Americas,Cameron Parish,NA,Louisiana,29.79362711,-93.34143969,approximate,NA,NA,NA,--,Pre-FID,NA,NA,2023-08-25,inactive
T0235,5,T023505,https://www.gem.wiki/Monkey_Island_LNG_Terminal,Monkey Island LNG Terminal,T5,Export,Cancelled,United States,NA,NA,SCT&E LNG LLC [100.00%],SCT&E LNG LLC [100.00%],United States,2,mtpa,2,2.72,NA,NA,NA,NA,2022,NA,NA,NA,NA,2022,2016,2018,NA,Americas,Cameron Parish,NA,Louisiana,29.79362711,-93.34143969,approximate,NA,NA,NA,--,Pre-FID,NA,NA,2023-08-25,inactive
T0235,6,T023506,https://www.gem.wiki/Monkey_Island_LNG_Terminal,Monkey Island LNG Terminal,T6,Export,Cancelled,United States,NA,NA,SCT&E LNG LLC [100.00%],SCT&E LNG LLC [100.00%],United States,2,mtpa,2,2.72,NA,NA,NA,NA,2022,NA,NA,NA,NA,2022,2016,2018,NA,Americas,Cameron Parish,NA,Louisiana,29.79362711,-93.34143969,approximate,NA,NA,NA,--,Pre-FID,NA,NA,2023-08-25,inactive
T0236,1,T023601,https://www.gem.wiki/Point_Comfort_LNG_Terminal,Point Comfort LNG Terminal,T1,Export,Cancelled,United States,NA,NA,Lloyds Energy Group LLC [100.00%],LE Group Holding Pte Ltd [100.00%],Singapore,4.5,mtpa,4.5,6.12,2016,NA,NA,NA,NA,NA,NA,NA,NA,--,2018,2020,Presumed,Americas,Point Comfort,NA,Texas,28.676111,-96.558889,approximate,NA,NA,NA,--,NA,NA,NA,2023-08-25,inactive
T0236,2,T023602,https://www.gem.wiki/Point_Comfort_LNG_Terminal,Point Comfort LNG Terminal,T2,Export,Cancelled,United States,NA,NA,Lloyds Energy Group LLC [100.00%],LE Group Holding Pte Ltd [100.00%],Singapore,4.5,mtpa,4.5,6.12,2016,NA,NA,NA,NA,NA,NA,NA,NA,--,2018,2020,Presumed,Americas,Point Comfort,NA,Texas,28.676111,-96.558889,approximate,NA,NA,NA,--,NA,NA,NA,2023-08-25,inactive
T0240,0,T024000,https://www.gem.wiki/Sabine_Pass_LNG_Terminal,Sabine Pass LNG Import Terminal,NA,Import,Operating,United States,NA,NA,Sabine Pass LNG [100.00%],Cheniere Energy [100.00%],United States,30.4,mtpa,30.4,41.34,NA,NA,NA,NA,2008,NA,NA,NA,NA,2008,NA,NA,NA,Americas,Sabine Pass,NA,Louisiana,29.75409666,-93.87405115,exact,NA,NA,NA,--,NA,NA,NA,2023-08-24,active
T0240,7,T024007,https://www.gem.wiki/Sabine_Pass_LNG_Terminal,Sabine Pass LNG Terminal,Stage 5 Expansion Project (T1–T3),Export,Proposed,United States,NA,NA,Sabine Pass Liquefaction [100.00%],Cheniere Energy [100.00%],United States,20,mtpa,20,27.2,2023,2,NA,NA,2032,NA,NA,NA,NA,2032,NA,NA,NA,Americas,NA,NA,Louisiana,29.75409666,-93.87405115,exact,NA,NA,NA,--,Pre-FID,2025,NA,2023-08-24,proposed
T0242,1,T024201,https://www.gem.wiki/Venture_Global_Plaquemines_LNG_Terminal,Plaquemines LNG Terminal,Phase 1 (Trains 1–18),Export,Construction,United States,NA,Venture Global LNG,"Venture Global Plaquemines LNG, LLC [100.00%]",Venture Global LNG [100.00%],United States,13.33,mtpa,13.33,18.13,NA,NA,2023,NA,2024,NA,NA,NA,NA,2024,NA,NA,NA,Americas,Plaquemines Parish,NA,Louisiana,29.600411,-89.886404,exact,NA,NA,NA,--,FID,2022,NA,2023-08-24,inactive
T0637,0,T063700,https://www.gem.wiki/Calhoun_LNG_Terminal,Calhoun LNG Terminal,NA,Import,Cancelled,United States,NA,NA,Gulf Coast LNG Partners LP [unknown %]; KOGAS [unknown %]; LG International (America) Inc [unknown %]; Port Lavaca LNG Services LLC [unknown %],Gulf Coast LNG LLC [unknown %]; Haddington Ventures [unknown %]; KOGAS [unknown %]; LX International Corp [unknown %]; Port Lavaca LNG Services LLC [unknown %],United States; United States; South Korea; United States; United States,7.2,mtpa,7.2,9.79,NA,NA,NA,NA,NA,NA,NA,NA,NA,--,NA,2012,NA,Americas,Point Comfort,NA,Texas,28.615556,-96.629722,approximate,NA,NA,NA,--,NA,NA,NA,2023-08-25,inactive
T0638,0,T063800,https://www.gem.wiki/Bienville_FSRU,Bienville FSRU,NA,Import,Cancelled,United States,NA,NA,TORP Terminal LP [100.00%],TORP Technology Inc [100.00%],United States,10.7,mtpa,10.7,14.55,NA,NA,NA,NA,NA,NA,NA,NA,NA,--,NA,2010,NA,Americas,Dauphin Island,NA,Alabama,30.256389,-88.125278,approximate,NA,NA,NA,--,NA,NA,yes,2023-08-25,inactive
T0640,1,T064001,https://www.gem.wiki/Galveston_Bay_LNG_Terminal,Galveston Bay LNG Terminals,T1,Export,Cancelled,United States,NA,NA,NextDecade [100.00%],NextDecade [82.50%]; TotalEnergies [17.50%],United States; France,5.5,mtpa,5.5,7.48,NA,NA,NA,NA,2027,NA,NA,NA,NA,2027,NA,2021,NA,Americas,Texas City,NA,Texas,29.370473,-94.89321,approximate,NA,NA,NA,--,Pre-FID,2021,NA,2023-08-25,inactive
T0640,2,T064002,https://www.gem.wiki/Galveston_Bay_LNG_Terminal,Galveston Bay LNG Terminals,T2,Export,Cancelled,United States,NA,NA,NextDecade [100.00%],NextDecade [82.50%]; TotalEnergies [17.50%],United States; France,5.5,mtpa,5.5,7.48,NA,NA,NA,NA,2027,NA,NA,NA,NA,2027,NA,2021,NA,Americas,Texas City,NA,Texas,29.370473,-94.89321,approximate,NA,NA,NA,--,Pre-FID,2021,NA,2023-08-25,inactive
T0640,3,T064003,https://www.gem.wiki/Galveston_Bay_LNG_Terminal,Galveston Bay LNG Terminals,T3,Export,Cancelled,United States,NA,NA,NextDecade [100.00%],NextDecade [82.50%]; TotalEnergies [17.50%],United States; France,5.5,mtpa,5.5,7.48,NA,NA,NA,NA,2027,NA,NA,NA,NA,2027,NA,2021,NA,Americas,Texas City,NA,Texas,29.370473,-94.89321,approximate,NA,NA,NA,--,Pre-FID,2021,NA,2023-08-25,inactive
T0642,0,T064200,https://www.gem.wiki/Gulf_Gateway_LNG_Terminal,Gulf Gateway LNG Terminal,NA,Import,Retired,United States,NA,NA,Excelerate Energy [100.00%],Excelerate Energy [100.00%],United States,5.3,mtpa,5.3,7.21,NA,NA,NA,NA,2005,NA,NA,NA,NA,2005,NA,NA,2011,Americas,Gulf of Mexico,Cameron Parish,Louisiana,29.85,-93.2,approximate,NA,NA,NA,--,NA,NA,NA,2023-09-06,inactive
T0645,0,T064500,https://www.gem.wiki/Creole_Trail_LNG_Terminal,Creole Trail LNG Terminal,NA,Import,Cancelled,United States,NA,NA,Cheniere Energy [100.00%],Cheniere Energy [100.00%],United States,27,mtpa,27,36.72,NA,NA,NA,NA,NA,NA,NA,NA,NA,--,2017,2019,NA,Americas,Cameron,NA,Louisiana,29.85,-93.2,approximate,NA,NA,NA,--,NA,NA,NA,2023-08-25,inactive
T0647,0,T064700,https://www.gem.wiki/Port_Pelican_LNG_Terminal,Port Pelican LNG Terminal,NA,Import,Cancelled,United States,NA,NA,Chevron [100.00%],Chevron [100.00%],United States,12,mtpa,12,16.32,NA,NA,NA,NA,NA,NA,NA,NA,NA,--,NA,2005,NA,Americas,Port Pelican,NA,Texas,28.787546,-91.284707,approximate,NA,NA,NA,--,NA,NA,NA,2023-08-25,inactive
T0675,1,T067501,https://www.gem.wiki/Deepwater_Port_LNG_Terminal,Deepwater Port LNG Terminal,NA,Export,Cancelled,United States,NA,Avocet FLNG Terminal,Avocet LNG [100.00%],Fairwood Peninsula Energy [100.00%],United States,NA,NA,--,--,NA,NA,NA,NA,NA,NA,NA,NA,NA,--,2018,2020,NA,Americas,Gulf of Mexico,NA,Louisiana,28.692,-90.81287,approximate,NA,NA,NA,--,NA,NA,NA,2023-08-25,inactive
T0678,1,T067801,https://www.gem.wiki/American_Coast_LNG_Terminal,American Coast LNG Terminal,NA,Export,Cancelled,United States,NA,General American LNG Terminal,General American LNG [100.00%],General American LNG [100.00%],United States,8,mtpa,8,10.88,NA,NA,NA,NA,2022,NA,2024,NA,NA,2022,2016,2018,NA,Americas,NA,NA,NA,29.259765,-93.665566,approximate,NA,NA,NA,--,NA,NA,NA,2023-08-25,inactive
T0840,0,T084000,https://www.gem.wiki/Compass_Port_LNG_Terminal,Compass Port LNG Terminal,NA,Import,Cancelled,United States,NA,NA,ConocoPhillips [100.00%],ConocoPhillips [100.00%],United States,8,mtpa,8,10.88,NA,NA,NA,NA,NA,NA,NA,NA,NA,--,NA,2006,NA,Americas,Dauphin Island,NA,Alabama,30.256389,-88.125278,approximate,NA,NA,NA,--,NA,NA,yes,2023-08-25,inactive
T0844,0,T084400,https://www.gem.wiki/Beacon_Port_LNG_Terminal,Beacon Port LNG Terminal,NA,Import,Cancelled,United States,NA,NA,ConocoPhillips [100.00%],ConocoPhillips [100.00%],United States,11.5,mtpa,11.5,15.64,NA,NA,NA,NA,NA,NA,NA,NA,NA,--,NA,2006,NA,Americas,Johnson's Bayou,NA,Louisiana,29.763056,-93.698611,approximate,NA,NA,NA,--,NA,NA,NA,2023-08-25,inactive
T0845,0,T084500,https://www.gem.wiki/Casotte_Landing_LNG_Terminal,Casotte Landing LNG Terminal,NA,Import,Cancelled,United States,NA,NA,Chevron [100.00%],Chevron [100.00%],United States,10,mtpa,10,13.6,NA,NA,NA,NA,NA,NA,NA,NA,NA,--,NA,2009,NA,Americas,NA,Jackson County,Mississippi,30.46,-88.62,approximate,NA,NA,NA,--,NA,NA,NA,2023-08-25,inactive
T0846,0,T084600,https://www.gem.wiki/Bay_Crossing_LNG_Terminal,Bay Crossing LNG Terminal,NA,Import,Cancelled,United States,NA,NA,BP [100.00%],BP [100.00%],United Kingdom,9.6,mtpa,9.6,13.06,NA,NA,NA,NA,NA,NA,NA,NA,NA,--,2006,2008,NA,Americas,Galveston,NA,Texas,29.281111,-94.825833,approximate,NA,NA,NA,--,NA,NA,NA,2023-08-25,inactive
T0851,1,T085101,https://www.gem.wiki/Port_Lavaca_FLNG_Terminal,Port Lavaca FLNG Terminal,NA,Export,Cancelled,United States,NA,ELS FLNG,Excelerate Energy [100.00%],Excelerate Energy [100.00%],United States,10,mtpa,10,13.6,NA,NA,NA,NA,NA,NA,NA,NA,NA,--,NA,2015,NA,Americas,Port Lavaca,NA,Texas,28.615556,-96.629722,approximate,NA,NA,NA,--,NA,NA,yes,2023-08-25,inactive
T0985,1,T098501,https://www.gem.wiki/Delta_LNG_Terminal,Delta LNG Terminal,Phase 1 (T1–T18),Export,Proposed,United States,NA,NA,"Venture Global Delta LNG, LLC [100.00%]",Venture Global LNG [100.00%],United States,11.3,mtpa,11.3,15.37,NA,NA,NA,NA,2024,NA,NA,NA,NA,2024,NA,NA,NA,Americas,Plaquemines Parish,NA,Louisiana,29.597258,-89.872471,approximate,NA,NA,NA,--,NA,NA,NA,2023-09-06,proposed
T0985,2,T098502,https://www.gem.wiki/Delta_LNG_Terminal,Delta LNG Terminal,Phase 2 (T19–T36),Export,Proposed,United States,NA,NA,"Venture Global Delta LNG, LLC [100.00%]",Venture Global LNG [100.00%],United States,11.3,mtpa,11.3,15.37,NA,NA,NA,NA,2025,NA,NA,NA,NA,2025,NA,NA,NA,Americas,Plaquemines Parish,NA,Louisiana,29.597258,-89.872471,approximate,NA,NA,NA,--,NA,NA,NA,2023-09-06,proposed
T0987,1,T098701,https://www.gem.wiki/West_Delta_LNG_Deepwater_Port_Terminal,West Delta LNG Deepwater Port Terminal,NA,Export,Proposed,United States,NA,NA,"West Delta LNG, LLC [100.00%]",LNG 21 [100.00%],United States,6.1,mtpa,6.1,8.3,NA,NA,NA,NA,2023,NA,NA,NA,2026,2026,NA,NA,NA,Americas,Plaquemines Parish,NA,Louisiana,29.067,-89.656,approximate,NA,NA,NA,--,Pre-FID,NA,NA,2023-09-06,proposed
T1128,1,T112801,https://www.gem.wiki/Gulfstream_LNG_Terminal,Gulfstream LNG Terminal,NA,Export,Proposed,United States,NA,NA,Gulfstream LNG Development LLC [100.00%],Gulfstream LNG Development LLC [100.00%],United States,4,mtpa,4,5.44,2023,2,NA,NA,2029,NA,NA,NA,NA,2029,NA,NA,NA,Americas,NA,Plaquemines Parish,Louisiana,29.575938,-89.816741,approximate,NA,NA,NA,--,Pre-FID,NA,NA,2023-08-25,proposed
T1129,1,T112901,https://www.gem.wiki/Grand_Isle_Deepwater_Port_Terminal,Grand Isle Deepwater Port Terminal,Phase 1,Export,Proposed,United States,NA,NA,Grand Isle LNG Operating Co LLC [100.00%],Grand Isle LNG Operating Co LLC [100.00%],United States,2.1,mtpa,2.1,2.86,2023,8,NA,NA,2026,NA,NA,NA,NA,2026,NA,NA,NA,Americas,Offshore Grand Isle,Plaquemines Parish,Louisiana,29.039441,-89.9921,approximate,NA,NA,NA,--,Pre-FID,NA,NA,2023-08-25,proposed
T1129,2,T112902,https://www.gem.wiki/Grand_Isle_Deepwater_Port_Terminal,Grand Isle Deepwater Port Terminal,Phase 2,Export,Proposed,United States,NA,NA,Grand Isle LNG Operating Co LLC [100.00%],Grand Isle LNG Operating Co LLC [100.00%],United States,2.1,mtpa,2.1,2.86,2023,8,NA,NA,2026,NA,NA,NA,NA,2026,NA,NA,NA,Americas,Offshore Grand Isle,Plaquemines Parish,Louisiana,29.039441,-89.9921,approximate,NA,NA,NA,--,Pre-FID,NA,NA,2023-08-25,proposed
